4.250000000000000000e+03,-8.372554396912600810e-03
4.251000000000000000e+03,-6.856898287011199689e-03
4.252000000000000000e+03,-2.138683356374999987e-03
4.253000000000000000e+03,2.233475445373999952e-04
4.254000000000000000e+03,-8.402308244257200229e-03
4.255000000000000000e+03,-1.361873253936989915e-02
4.256000000000000000e+03,-2.037189700112339991e-02
4.257000000000000000e+03,-7.599820976805500387e-03
4.258000000000000000e+03,2.492455151786599973e-03
4.259000000000000000e+03,-3.256732740281900046e-03
4.260000000000000000e+03,-1.433741527335389947e-02
4.261000000000000000e+03,-2.039445315306930018e-02
4.262000000000000000e+03,-3.042255368378949873e-02
4.263000000000000000e+03,-9.624136146933699731e-03
4.264000000000000000e+03,1.390666900031700031e-03
4.265000000000000000e+03,2.207880861400330144e-02
4.266000000000000000e+03,1.968625439127739962e-02
4.267000000000000000e+03,1.854689865683779859e-02
4.268000000000000000e+03,1.624502372766150129e-02
4.269000000000000000e+03,2.594156907254070027e-02
4.270000000000000000e+03,2.250785666808520144e-02
4.271000000000000000e+03,3.405913730716880056e-02
4.272000000000000000e+03,3.496635925669690226e-02
4.273000000000000000e+03,1.659043142867199991e-02
4.274000000000000000e+03,7.229108258805800290e-03
4.275000000000000000e+03,1.050408397297379962e-02
4.276000000000000000e+03,6.076627378482300432e-03
4.277000000000000000e+03,-1.192304575999269915e-02
4.278000000000000000e+03,-1.876578008295510039e-02
4.279000000000000000e+03,4.701721087063399744e-03
4.280000000000000000e+03,1.358972533216860033e-02
4.281000000000000000e+03,1.209634774521779928e-02
4.282000000000000000e+03,2.738923668923450017e-02
4.283000000000000000e+03,2.194481643367869952e-02
4.284000000000000000e+03,-1.753054683275800073e-03
4.285000000000000000e+03,-3.463405857108299828e-03
4.286000000000000000e+03,-7.468429399696200136e-03
4.287000000000000000e+03,-1.866585259761729954e-02
4.288000000000000000e+03,-2.484881247649929972e-02
4.289000000000000000e+03,-1.747080708698520168e-02
4.290000000000000000e+03,-1.550587037191909941e-02
4.291000000000000000e+03,-8.537715015726799611e-03
4.292000000000000000e+03,-9.119436890139099444e-03
4.293000000000000000e+03,1.032858000043600103e-03
4.294000000000000000e+03,2.635590366449539965e-02
4.295000000000000000e+03,2.660582050004879975e-02
4.296000000000000000e+03,1.836928696425599999e-02
4.297000000000000000e+03,2.270157435554279873e-02
4.298000000000000000e+03,2.508839456767579870e-02
4.299000000000000000e+03,1.236800151873010054e-02
4.300000000000000000e+03,1.274882285224560041e-02
4.301000000000000000e+03,1.119956216485890055e-02
4.302000000000000000e+03,2.412126843926429981e-02
4.303000000000000000e+03,-4.469024945653100357e-03
4.304000000000000000e+03,-9.759437449825799152e-03
4.305000000000000000e+03,-6.902186786843200229e-03
4.306000000000000000e+03,6.751425311056500136e-03
4.307000000000000000e+03,4.760771266491699814e-03
4.308000000000000000e+03,8.564720500552399501e-03
4.309000000000000000e+03,1.055104695964709932e-02
4.310000000000000000e+03,1.174874783241140058e-02
4.311000000000000000e+03,4.106757074051400370e-03
4.312000000000000000e+03,-3.090879480508999821e-04
4.313000000000000000e+03,1.394446874867900053e-03
4.314000000000000000e+03,-6.352236344922999704e-03
4.315000000000000000e+03,-2.763109945221900107e-02
4.316000000000000000e+03,-2.892937055831849846e-02
4.317000000000000000e+03,-1.150767585833569959e-02
4.318000000000000000e+03,1.088484638995229972e-02
4.319000000000000000e+03,1.046420387751269970e-02
4.320000000000000000e+03,8.512906204734299598e-03
4.321000000000000000e+03,-7.656869479241999775e-04
4.322000000000000000e+03,4.419373730146799670e-03
4.323000000000000000e+03,1.271392059282359932e-02
4.324000000000000000e+03,1.352992952684680013e-02
4.325000000000000000e+03,1.941631452452050044e-02
4.326000000000000000e+03,3.789652362296799890e-03
4.327000000000000000e+03,-1.977479925227880117e-02
4.328000000000000000e+03,1.325275400878300064e-02
4.329000000000000000e+03,2.678230307065389976e-02
4.330000000000000000e+03,1.414668949649370081e-02
4.331000000000000000e+03,1.499604257657390083e-02
4.332000000000000000e+03,3.692135907593899809e-03
4.333000000000000000e+03,-3.026465334386399964e-03
4.334000000000000000e+03,-2.268146446293499950e-03
4.335000000000000000e+03,1.034167625314040030e-02
4.336000000000000000e+03,2.060455030487140168e-02
4.337000000000000000e+03,4.942597510334500316e-03
4.338000000000000000e+03,-1.150268805788400061e-03
4.339000000000000000e+03,1.686152754204740117e-02
4.340000000000000000e+03,1.101510140135569978e-02
4.341000000000000000e+03,5.522497404680999991e-03
4.342000000000000000e+03,-2.442072124824899975e-03
4.343000000000000000e+03,1.193448965393619984e-02
4.344000000000000000e+03,8.062708734772000216e-03
4.345000000000000000e+03,1.696212730670159860e-02
4.346000000000000000e+03,1.436130464903660059e-02
4.347000000000000000e+03,-6.166919740486200008e-03
4.348000000000000000e+03,-1.779041232113750051e-02
4.349000000000000000e+03,-1.196052154365279986e-02
4.350000000000000000e+03,-1.499347974708200052e-03
4.351000000000000000e+03,3.227449362542200110e-03
4.352000000000000000e+03,-3.420207496920000026e-04
4.353000000000000000e+03,2.985755633742899831e-03
4.354000000000000000e+03,6.862947156276899725e-03
4.355000000000000000e+03,3.348594830482299993e-03
4.356000000000000000e+03,9.786799211872299759e-03
4.357000000000000000e+03,1.567648221558920127e-02
4.358000000000000000e+03,2.342340406385860080e-02
4.359000000000000000e+03,1.909415750652080149e-02
4.360000000000000000e+03,1.858908712330059956e-02
4.361000000000000000e+03,5.345888373546399570e-03
4.362000000000000000e+03,-1.037627657798130022e-02
4.363000000000000000e+03,3.166320079114100065e-03
4.364000000000000000e+03,3.880513373562899627e-06
4.365000000000000000e+03,5.005590457250500350e-03
4.366000000000000000e+03,2.083252151531260130e-02
4.367000000000000000e+03,2.259224322316109868e-02
4.368000000000000000e+03,1.403337641986479936e-02
4.369000000000000000e+03,4.473293471396700034e-03
4.370000000000000000e+03,7.249517066230599591e-03
4.371000000000000000e+03,1.122549627324199994e-02
4.372000000000000000e+03,1.999066077423510002e-02
4.373000000000000000e+03,8.724749496165600318e-03
4.374000000000000000e+03,-3.533089532079699852e-03
4.375000000000000000e+03,-1.010762134026589945e-02
4.376000000000000000e+03,-1.673936122329289927e-02
4.377000000000000000e+03,-8.541079219521800076e-03
4.378000000000000000e+03,-3.113018303478700018e-03
4.379000000000000000e+03,1.767966791184599979e-03
4.380000000000000000e+03,1.353841758633680080e-02
4.381000000000000000e+03,1.409749227576849971e-02
4.382000000000000000e+03,2.934398882946000122e-03
4.383000000000000000e+03,4.102932337140900373e-03
4.384000000000000000e+03,2.395775873433880071e-02
4.385000000000000000e+03,1.966490124778350057e-02
4.386000000000000000e+03,9.279308274883499644e-03
4.387000000000000000e+03,-2.847059651665800190e-03
4.388000000000000000e+03,1.657308592913299969e-03
4.389000000000000000e+03,4.411071006946899568e-03
4.390000000000000000e+03,4.899983522444699598e-03
4.391000000000000000e+03,1.275808651611009918e-02
4.392000000000000000e+03,5.411234705940200403e-03
4.393000000000000000e+03,-6.572481469925800339e-03
4.394000000000000000e+03,-1.723907787367350009e-02
4.395000000000000000e+03,8.547235848801499822e-03
4.396000000000000000e+03,2.810555789898289830e-02
4.397000000000000000e+03,1.707694008145720088e-02
4.398000000000000000e+03,5.563175196474899782e-03
4.399000000000000000e+03,5.791868149453999887e-03
4.400000000000000000e+03,3.659747796245599923e-03
4.401000000000000000e+03,4.152962490867199812e-03
4.402000000000000000e+03,5.226894997138699893e-03
4.403000000000000000e+03,-5.990754239856299797e-03
4.404000000000000000e+03,3.021353420684699809e-03
4.405000000000000000e+03,9.440341900079999779e-03
4.406000000000000000e+03,-2.200849053585999951e-04
4.407000000000000000e+03,-5.447910751228300305e-03
4.408000000000000000e+03,-9.503933543842000512e-04
4.409000000000000000e+03,1.951088594259249923e-02
4.410000000000000000e+03,2.464202377674149999e-02
4.411000000000000000e+03,2.638098666825150138e-02
4.412000000000000000e+03,2.061494127897380013e-02
4.413000000000000000e+03,3.288311646502900185e-03
4.414000000000000000e+03,-8.878427814613600033e-03
4.415000000000000000e+03,-1.229882600993030019e-02
4.416000000000000000e+03,-1.810943929172350100e-02
4.417000000000000000e+03,-1.527761102170500061e-02
4.418000000000000000e+03,-1.403506658337799968e-03
4.419000000000000000e+03,7.268847208697500409e-03
4.420000000000000000e+03,8.945766657029700572e-03
4.421000000000000000e+03,1.169303971233560079e-02
4.422000000000000000e+03,1.347002059730299968e-02
4.423000000000000000e+03,9.872918296314300846e-03
4.424000000000000000e+03,1.650187273586430081e-02
4.425000000000000000e+03,1.131008846076429937e-02
4.426000000000000000e+03,1.159382404247579976e-02
4.427000000000000000e+03,9.382873056606999811e-04
4.428000000000000000e+03,-9.204891163674500804e-03
4.429000000000000000e+03,-9.516395970152899397e-03
4.430000000000000000e+03,-5.898660418020200066e-03
4.431000000000000000e+03,5.038260746188000412e-04
4.432000000000000000e+03,4.033427481450400399e-03
4.433000000000000000e+03,1.293632274473389965e-02
4.434000000000000000e+03,1.237714078927710029e-02
4.435000000000000000e+03,1.747387786107320110e-02
4.436000000000000000e+03,3.246988866567430271e-02
4.437000000000000000e+03,3.684576436901269847e-02
4.438000000000000000e+03,1.454598068416800092e-03
4.439000000000000000e+03,-1.069419882220319987e-02
4.440000000000000000e+03,-6.004821630750800145e-03
4.441000000000000000e+03,5.110628924316000347e-04
4.442000000000000000e+03,-8.569666641030100618e-03
4.443000000000000000e+03,5.658930722039239898e-05
4.444000000000000000e+03,-4.937102100526299595e-03
4.445000000000000000e+03,-1.735278539094499981e-03
4.446000000000000000e+03,-7.352833075274999800e-04
4.447000000000000000e+03,1.655315631369499952e-03
4.448000000000000000e+03,-3.115756517529500065e-03
4.449000000000000000e+03,-1.727066467629220087e-02
4.450000000000000000e+03,-4.209529027087140218e-02
4.451000000000000000e+03,-3.334025006070869684e-02
4.452000000000000000e+03,-3.436796427592730269e-02
4.453000000000000000e+03,-1.924216470777340149e-02
4.454000000000000000e+03,-2.665640906585739836e-02
4.455000000000000000e+03,-3.534305576953009759e-02
4.456000000000000000e+03,-2.952157457645529851e-02
4.457000000000000000e+03,2.913017284693000136e-04
4.458000000000000000e+03,1.801764705080270007e-02
4.459000000000000000e+03,1.972251585020379921e-02
4.460000000000000000e+03,6.695197988429799768e-03
4.461000000000000000e+03,-6.776899984837000002e-04
4.462000000000000000e+03,7.117140534917800257e-03
4.463000000000000000e+03,-5.086248367665600033e-03
4.464000000000000000e+03,-3.976462037781399589e-03
4.465000000000000000e+03,-3.122866022707899980e-03
4.466000000000000000e+03,7.087330209187499980e-03
4.467000000000000000e+03,1.793937978450560120e-02
4.468000000000000000e+03,1.549607334007489963e-02
4.469000000000000000e+03,2.150737165489999964e-03
4.470000000000000000e+03,1.234559439702800085e-03
4.471000000000000000e+03,-1.071642718953710015e-02
4.472000000000000000e+03,7.563376726025600010e-03
4.473000000000000000e+03,5.832141705080899803e-03
4.474000000000000000e+03,7.865305615111999700e-04
4.475000000000000000e+03,-1.631844575874109859e-02
4.476000000000000000e+03,4.145962656159300069e-03
4.477000000000000000e+03,1.549275541664000069e-02
4.478000000000000000e+03,1.088154658353059946e-02
4.479000000000000000e+03,7.154722631000499759e-03
4.480000000000000000e+03,-1.132094492776069931e-02
4.481000000000000000e+03,-7.227185337114999664e-03
4.482000000000000000e+03,-1.821510023644499912e-03
4.483000000000000000e+03,-7.181566754443100345e-03
4.484000000000000000e+03,-1.768754819434800035e-02
4.485000000000000000e+03,-2.458873188037880020e-02
4.486000000000000000e+03,-1.288019960856729915e-02
4.487000000000000000e+03,-2.813950654772399886e-03
4.488000000000000000e+03,-1.217242128028610086e-02
4.489000000000000000e+03,-2.702130848372459940e-02
4.490000000000000000e+03,-2.480145851241110158e-02
4.491000000000000000e+03,-4.052274577383289944e-02
4.492000000000000000e+03,-5.062079342322110126e-02
4.493000000000000000e+03,-2.070906401788169884e-02
4.494000000000000000e+03,2.808133785166600123e-03
4.495000000000000000e+03,9.635731459362299745e-03
4.496000000000000000e+03,2.015719160866030063e-02
4.497000000000000000e+03,2.846062253964549982e-02
4.498000000000000000e+03,1.539533394799940010e-02
4.499000000000000000e+03,6.269738079082499624e-03
4.500000000000000000e+03,1.238326434297589915e-02
4.501000000000000000e+03,1.027537462857579936e-02
4.502000000000000000e+03,1.024064016839409952e-02
4.503000000000000000e+03,2.252148415812529891e-02
4.504000000000000000e+03,3.735466169899889777e-02
4.505000000000000000e+03,1.502277250442569934e-02
4.506000000000000000e+03,1.439244202290100062e-02
4.507000000000000000e+03,1.060049668000660056e-02
4.508000000000000000e+03,-8.746913102953500149e-03
4.509000000000000000e+03,-5.865056959506000263e-03
4.510000000000000000e+03,2.560348369541799989e-03
4.511000000000000000e+03,-2.251520952838439950e-05
4.512000000000000000e+03,-8.523369577483400766e-03
4.513000000000000000e+03,2.204154539747399822e-03
4.514000000000000000e+03,-1.270950343965819920e-02
4.515000000000000000e+03,-1.893574938160599852e-02
4.516000000000000000e+03,5.944302940176350125e-05
4.517000000000000000e+03,-7.802361843293999580e-03
4.518000000000000000e+03,-2.166263249894909843e-02
4.519000000000000000e+03,-8.239440926379999839e-04
4.520000000000000000e+03,1.138640319596210052e-02
4.521000000000000000e+03,-8.487740549627200218e-03
4.522000000000000000e+03,7.560712724675499978e-03
4.523000000000000000e+03,-2.177627300363110113e-02
4.524000000000000000e+03,-6.162433742920749719e-02
4.525000000000000000e+03,-4.705116421687550315e-02
4.526000000000000000e+03,-3.767492731106000109e-02
4.527000000000000000e+03,-2.835267008918269938e-02
4.528000000000000000e+03,8.331464859039999738e-04
4.529000000000000000e+03,3.380104637437830045e-02
4.530000000000000000e+03,3.231394373894520139e-02
4.531000000000000000e+03,1.982364322523650149e-02
4.532000000000000000e+03,1.141781113964649916e-02
4.533000000000000000e+03,3.069781181366190020e-02
4.534000000000000000e+03,1.355251694017929956e-02
4.535000000000000000e+03,-4.924732418633099781e-03
4.536000000000000000e+03,1.334082317261399940e-02
4.537000000000000000e+03,3.242562061436220222e-02
4.538000000000000000e+03,6.241237198625910337e-02
4.539000000000000000e+03,6.705588108171700590e-02
4.540000000000000000e+03,3.034997667849799984e-03
4.541000000000000000e+03,-2.768150683369410142e-02
4.542000000000000000e+03,-1.170455753915380058e-02
4.543000000000000000e+03,-2.639090784673699900e-03
4.544000000000000000e+03,-1.002821137918500066e-03
4.545000000000000000e+03,1.274142208303520075e-02
4.546000000000000000e+03,-1.101900585928679982e-02
4.547000000000000000e+03,-1.481615876416820035e-02
4.548000000000000000e+03,-3.181624497207889701e-02
4.549000000000000000e+03,-3.347062922828890341e-02
4.550000000000000000e+03,-4.647300034042060185e-02
4.551000000000000000e+03,-2.429304122568750127e-02
4.552000000000000000e+03,-2.494486839924460117e-02
4.553000000000000000e+03,-3.945293513428790172e-02
4.554000000000000000e+03,-4.345159884927370098e-02
4.555000000000000000e+03,-4.109347827642140238e-02
4.556000000000000000e+03,-2.508669657013330029e-02
4.557000000000000000e+03,-1.212303640047599981e-02
4.558000000000000000e+03,-5.827392004779999562e-04
4.559000000000000000e+03,5.606827369590499689e-03
4.560000000000000000e+03,1.852217303802889889e-02
4.561000000000000000e+03,1.548614198033640074e-02
4.562000000000000000e+03,-3.189803096904000185e-03
4.563000000000000000e+03,-6.493929565156200678e-02
4.564000000000000000e+03,-8.486127131103569921e-02
4.565000000000000000e+03,-4.110094612708969919e-02
4.566000000000000000e+03,-8.660841821677799438e-03
4.567000000000000000e+03,-7.786507968196800314e-03
4.568000000000000000e+03,-7.017573249720500395e-03
4.569000000000000000e+03,1.416813626257499908e-03
4.570000000000000000e+03,-2.226150889584210119e-02
4.571000000000000000e+03,-2.613966177593310056e-02
4.572000000000000000e+03,-1.591582138086930151e-02
4.573000000000000000e+03,6.606721929604099722e-03
4.574000000000000000e+03,2.038914282040810155e-02
4.575000000000000000e+03,3.358139899731860112e-02
4.576000000000000000e+03,-1.154739916465800063e-03
4.577000000000000000e+03,-3.587672735124879803e-02
4.578000000000000000e+03,-7.280340092742269842e-02
4.579000000000000000e+03,-1.320092458881420017e-01
4.580000000000000000e+03,-8.753744276266810231e-02
4.581000000000000000e+03,-1.284575970167649989e-02
4.582000000000000000e+03,3.774258053770580129e-02
4.583000000000000000e+03,5.525135632450189904e-02
4.584000000000000000e+03,3.994211354596739760e-02
4.585000000000000000e+03,1.136552485557969921e-02
4.586000000000000000e+03,-2.621905045297660136e-02
4.587000000000000000e+03,4.668638678104199656e-03
4.588000000000000000e+03,3.854610928525809693e-02
4.589000000000000000e+03,-6.836516608289399700e-03
4.590000000000000000e+03,-5.122740090677579960e-02
4.591000000000000000e+03,-6.964112519120910227e-02
4.592000000000000000e+03,-3.623402393250940018e-02
4.593000000000000000e+03,2.948494430698319832e-02
4.594000000000000000e+03,5.029855398090560259e-02
4.595000000000000000e+03,4.665830672961299858e-02
4.596000000000000000e+03,3.584948175217479716e-02
4.597000000000000000e+03,5.426523541640110304e-02
4.598000000000000000e+03,1.196696839803550010e-02
4.599000000000000000e+03,1.978699992256899905e-03
4.600000000000000000e+03,-8.238558674590499772e-03
4.601000000000000000e+03,-7.058590991012139715e-02
4.602000000000000000e+03,-8.317472173263089352e-02
4.603000000000000000e+03,-2.034156857030239990e-02
4.604000000000000000e+03,8.154695319230199566e-03
4.605000000000000000e+03,-2.814558899587369864e-02
4.606000000000000000e+03,-2.880594595539040167e-02
4.607000000000000000e+03,1.594568768203339856e-02
4.608000000000000000e+03,5.447391726731280054e-02
4.609000000000000000e+03,7.300107617674879423e-02
4.610000000000000000e+03,7.944505984121859321e-02
4.611000000000000000e+03,6.261897963156559666e-02
4.612000000000000000e+03,9.124211793990800318e-03
4.613000000000000000e+03,1.788075006084999989e-03
4.614000000000000000e+03,9.562979649507400218e-03
4.615000000000000000e+03,-2.557821133987300127e-02
4.616000000000000000e+03,-6.942391216701139511e-02
4.617000000000000000e+03,-6.403813314538560342e-02
4.618000000000000000e+03,-3.011842897609939840e-02
4.619000000000000000e+03,-1.391310540247740063e-02
4.620000000000000000e+03,-4.882627432813800052e-03
4.621000000000000000e+03,1.585110651596529849e-02
4.622000000000000000e+03,5.322506811208269767e-02
4.623000000000000000e+03,1.749420004266550102e-02
4.624000000000000000e+03,-2.719849999199289853e-02
4.625000000000000000e+03,-4.127873456240609834e-02
4.626000000000000000e+03,-2.970809029837069917e-02
4.627000000000000000e+03,-3.964132588268799717e-02
4.628000000000000000e+03,-5.422398774077030054e-02
4.629000000000000000e+03,-5.644614785764179993e-02
4.630000000000000000e+03,-4.684902962688840267e-02
4.631000000000000000e+03,-3.277632170341329698e-02
4.632000000000000000e+03,-2.225265839128219916e-02
4.633000000000000000e+03,-3.633557126184339819e-02
4.634000000000000000e+03,-5.145692289666300295e-02
4.635000000000000000e+03,-5.179155619002859950e-02
4.636000000000000000e+03,3.301669437603729773e-02
4.637000000000000000e+03,8.622744308413149428e-02
4.638000000000000000e+03,6.174144562267520203e-02
4.639000000000000000e+03,2.566424355260099859e-03
4.640000000000000000e+03,1.004338559984950009e-02
4.641000000000000000e+03,2.304262247053049870e-02
4.642000000000000000e+03,2.496891967721959898e-02
4.643000000000000000e+03,9.954756238590600770e-03
4.644000000000000000e+03,2.137710545386160149e-02
4.645000000000000000e+03,1.187165496403949985e-02
4.646000000000000000e+03,-4.281765326892800032e-03
4.647000000000000000e+03,-1.498628757030339917e-02
4.648000000000000000e+03,-2.723529506273249939e-02
4.649000000000000000e+03,-4.017664449787630015e-02
4.650000000000000000e+03,-1.665424541082939983e-02
4.651000000000000000e+03,1.357942946277700081e-03
4.652000000000000000e+03,2.813827428415949933e-02
4.653000000000000000e+03,1.261195257855749971e-02
4.654000000000000000e+03,-1.193047035318999953e-04
4.655000000000000000e+03,-2.578305490665989963e-02
4.656000000000000000e+03,-1.018217262718770083e-02
4.657000000000000000e+03,-2.465705648976080147e-02
4.658000000000000000e+03,-2.989763105611800004e-02
4.659000000000000000e+03,-5.210844409900199786e-03
4.660000000000000000e+03,-7.757502819552400224e-03
4.661000000000000000e+03,-7.875256692527600119e-03
4.662000000000000000e+03,1.477897328610859942e-02
4.663000000000000000e+03,3.563251004703099807e-03
4.664000000000000000e+03,3.032868627303849859e-02
4.665000000000000000e+03,1.078636780163779937e-02
4.666000000000000000e+03,-2.231055730191129974e-02
4.667000000000000000e+03,-1.223381405809650067e-02
4.668000000000000000e+03,2.478473297618100004e-03
4.669000000000000000e+03,2.267452272567329827e-02
4.670000000000000000e+03,2.164524105210599916e-02
4.671000000000000000e+03,9.733862667019199666e-03
4.672000000000000000e+03,-1.416978873921959960e-02
4.673000000000000000e+03,-1.497005279308529987e-02
4.674000000000000000e+03,-6.048233395236899713e-03
4.675000000000000000e+03,1.147417790033990019e-02
4.676000000000000000e+03,-2.853127943287799874e-03
4.677000000000000000e+03,-2.496955339117790107e-02
4.678000000000000000e+03,-3.557113536823640343e-02
4.679000000000000000e+03,-6.271250096882100347e-03
4.680000000000000000e+03,-5.000895718247300170e-03
4.681000000000000000e+03,-2.594445483868580010e-02
4.682000000000000000e+03,-3.182263095210129816e-02
4.683000000000000000e+03,-5.404807078168699999e-03
4.684000000000000000e+03,-1.563210940479770050e-02
4.685000000000000000e+03,-3.675845351358009855e-02
4.686000000000000000e+03,-2.371269536171709963e-02
4.687000000000000000e+03,-2.132510303910959901e-02
4.688000000000000000e+03,-2.273583188888689960e-02
4.689000000000000000e+03,-2.093793906674189936e-02
4.690000000000000000e+03,-1.093140487567600050e-03
4.691000000000000000e+03,-9.030176831315600561e-03
4.692000000000000000e+03,-1.432236821733279958e-02
4.693000000000000000e+03,5.035226568918699762e-03
4.694000000000000000e+03,4.104648432670000326e-03
4.695000000000000000e+03,-1.362675090520800054e-02
4.696000000000000000e+03,7.559924406677000219e-03
4.697000000000000000e+03,1.631475817155169858e-02
4.698000000000000000e+03,3.270218379434659817e-02
4.699000000000000000e+03,4.586550595670439712e-02
4.700000000000000000e+03,5.173637334806879817e-02
4.701000000000000000e+03,5.690413032852559977e-02
4.702000000000000000e+03,8.172525017680490333e-02
4.703000000000000000e+03,8.034629596038149468e-02
4.704000000000000000e+03,2.769522315939920015e-02
4.705000000000000000e+03,1.723993024429840148e-02
4.706000000000000000e+03,2.943146303601030037e-02
4.707000000000000000e+03,2.520102951777699815e-03
4.708000000000000000e+03,-1.969611440782410156e-02
4.709000000000000000e+03,-5.559604749321050282e-02
4.710000000000000000e+03,-6.725768190428189908e-02
4.711000000000000000e+03,-5.819616156896709885e-02
4.712000000000000000e+03,-3.646591327951220068e-02
4.713000000000000000e+03,1.457246380094500077e-03
4.714000000000000000e+03,-3.997526182387200339e-03
4.715000000000000000e+03,-3.473488820197859900e-02
4.716000000000000000e+03,-3.504248984177930210e-02
4.717000000000000000e+03,-4.011559446219960245e-02
4.718000000000000000e+03,-2.681217015513020011e-02
4.719000000000000000e+03,3.245588037778299791e-03
4.720000000000000000e+03,-1.632752749127280162e-02
4.721000000000000000e+03,-8.917239020868000451e-03
4.722000000000000000e+03,2.891640682776270080e-02
4.723000000000000000e+03,4.748204895831970029e-02
4.724000000000000000e+03,4.479654354499570251e-02
4.725000000000000000e+03,3.200676761240200258e-02
4.726000000000000000e+03,-3.503638156749499990e-03
4.727000000000000000e+03,-2.114517576202019911e-02
4.728000000000000000e+03,-2.635961914435579895e-02
4.729000000000000000e+03,-4.676327277587630227e-02
4.730000000000000000e+03,-4.213422037347849813e-02
4.731000000000000000e+03,-2.830872799860829903e-02
4.732000000000000000e+03,-2.335426087422439942e-02
4.733000000000000000e+03,-1.683083376746160112e-02
4.734000000000000000e+03,7.083254661293400013e-03
4.735000000000000000e+03,1.338228813695199922e-02
4.736000000000000000e+03,-7.631181196447700023e-03
4.737000000000000000e+03,1.117357936696699965e-02
4.738000000000000000e+03,8.303795219099800035e-03
4.739000000000000000e+03,-9.300687109614999993e-04
4.740000000000000000e+03,-3.596787364245360163e-02
4.741000000000000000e+03,-2.018296645024469926e-02
4.742000000000000000e+03,2.063848746087729863e-02
4.743000000000000000e+03,3.066138359879970118e-02
4.744000000000000000e+03,2.407164911017380116e-02
4.745000000000000000e+03,2.125817341522720158e-02
4.746000000000000000e+03,9.193187692725310334e-02
4.747000000000000000e+03,1.389502995474130032e-01
4.748000000000000000e+03,1.030047824745059931e-01
4.749000000000000000e+03,1.495293336777510015e-02
4.750000000000000000e+03,-3.189182111538489683e-02
4.751000000000000000e+03,-6.644540333321589942e-02
4.752000000000000000e+03,-1.190881871272009979e-01
4.753000000000000000e+03,-6.782411282558589716e-02
4.754000000000000000e+03,-7.640862246390800125e-03
4.755000000000000000e+03,5.665357106662699711e-03
4.756000000000000000e+03,3.855462702654619683e-02
4.757000000000000000e+03,1.196269629300300043e-02
4.758000000000000000e+03,1.289177299059329936e-02
4.759000000000000000e+03,3.511275990893480276e-02
4.760000000000000000e+03,5.611114076959410057e-02
4.761000000000000000e+03,6.326917063078270342e-02
4.762000000000000000e+03,7.735661925606300386e-03
4.763000000000000000e+03,-1.395713437257209942e-02
4.764000000000000000e+03,7.781110731733200010e-03
4.765000000000000000e+03,1.948806599125529893e-02
4.766000000000000000e+03,-1.990807207110310145e-02
4.767000000000000000e+03,-3.364970482879679758e-02
4.768000000000000000e+03,-6.257247330136879448e-02
4.769000000000000000e+03,-6.428714217678410670e-02
4.770000000000000000e+03,-3.706261334647709821e-02
4.771000000000000000e+03,-1.380355716234600051e-03
4.772000000000000000e+03,2.348019892023800112e-03
4.773000000000000000e+03,6.075783836761899752e-03
4.774000000000000000e+03,3.636947537815390236e-02
4.775000000000000000e+03,6.974139028709400168e-02
4.776000000000000000e+03,7.647208893477160097e-02
4.777000000000000000e+03,3.058904790406600030e-02
4.778000000000000000e+03,-2.398105494629209841e-02
4.779000000000000000e+03,-2.035729492947640010e-02
4.780000000000000000e+03,2.036503554757000158e-03
4.781000000000000000e+03,1.361700320995899976e-03
4.782000000000000000e+03,-2.582321681245799971e-02
4.783000000000000000e+03,-6.453010547978120515e-02
4.784000000000000000e+03,-7.284120747100679416e-02
4.785000000000000000e+03,-5.265897013018620149e-02
4.786000000000000000e+03,-2.505043667531890034e-02
4.787000000000000000e+03,4.406100540913699716e-03
4.788000000000000000e+03,3.102214602276619909e-02
4.789000000000000000e+03,2.946375447901350073e-02
4.790000000000000000e+03,1.376060261207969967e-02
4.791000000000000000e+03,2.497583799836719867e-02
4.792000000000000000e+03,2.268998873264289895e-02
4.793000000000000000e+03,1.114929765270280052e-02
4.794000000000000000e+03,1.383672835603079986e-02
4.795000000000000000e+03,2.495871079818879831e-02
4.796000000000000000e+03,2.787585080659879880e-02
4.797000000000000000e+03,6.816810044175819483e-02
4.798000000000000000e+03,1.028125824253690035e-01
4.799000000000000000e+03,8.173782303796800486e-02
4.800000000000000000e+03,6.478240794777030687e-02
4.801000000000000000e+03,4.166968847560920119e-02
4.802000000000000000e+03,1.820633542016929923e-02
4.803000000000000000e+03,1.554639959568960075e-02
4.804000000000000000e+03,9.445701758921700580e-03
4.805000000000000000e+03,3.878556555977649700e-02
4.806000000000000000e+03,3.787817672464870167e-02
4.807000000000000000e+03,3.731110025906819727e-02
4.808000000000000000e+03,5.394016468107250273e-02
4.809000000000000000e+03,6.550403302254019511e-02
4.810000000000000000e+03,4.678281600513319732e-02
4.811000000000000000e+03,4.806110212975869822e-02
4.812000000000000000e+03,5.058042939800299655e-03
4.813000000000000000e+03,-2.792010589166999952e-04
4.814000000000000000e+03,5.705914272637920004e-02
4.815000000000000000e+03,1.431024302208300063e-02
4.816000000000000000e+03,-1.898477017640690101e-02
4.817000000000000000e+03,-2.186149367934520082e-02
4.818000000000000000e+03,-3.502556278881179680e-02
4.819000000000000000e+03,-2.390442517966610142e-02
4.820000000000000000e+03,-1.251828911923500050e-02
4.821000000000000000e+03,-1.190784487368620054e-02
4.822000000000000000e+03,9.899518610152700446e-03
4.823000000000000000e+03,-4.211316263735809945e-02
4.824000000000000000e+03,-8.984473806169819554e-02
4.825000000000000000e+03,-9.285933831336490307e-02
4.826000000000000000e+03,-1.450685535790829928e-02
4.827000000000000000e+03,1.499136794548189960e-02
4.828000000000000000e+03,1.402407477941349997e-02
4.829000000000000000e+03,3.495745920358449971e-02
4.830000000000000000e+03,2.948151241699020070e-02
4.831000000000000000e+03,8.630888001746200161e-03
4.832000000000000000e+03,3.583278918894820114e-02
4.833000000000000000e+03,6.914244243870319717e-02
4.834000000000000000e+03,7.277216375502719437e-02
4.835000000000000000e+03,6.091454139759219788e-02
4.836000000000000000e+03,6.385430159984910314e-02
4.837000000000000000e+03,8.639046744178589810e-02
4.838000000000000000e+03,7.627376797468470027e-02
4.839000000000000000e+03,5.346300519966919879e-02
4.840000000000000000e+03,1.472457903713150079e-02
4.841000000000000000e+03,1.751041920827069859e-02
4.842000000000000000e+03,-4.675308170567799883e-03
4.843000000000000000e+03,2.243087574708320028e-02
4.844000000000000000e+03,2.074516014451480150e-02
4.845000000000000000e+03,5.686318750582899928e-02
4.846000000000000000e+03,5.202920436979800028e-02
4.847000000000000000e+03,5.607190496716509681e-02
4.848000000000000000e+03,8.892317970851650044e-02
4.849000000000000000e+03,3.829501742869639846e-02
4.850000000000000000e+03,-4.256023100075410209e-02
4.851000000000000000e+03,-5.412714151123009659e-02
4.852000000000000000e+03,3.919990131206699951e-03
4.853000000000000000e+03,4.884195656540490232e-02
4.854000000000000000e+03,6.868709673418940675e-02
4.855000000000000000e+03,8.917477309133199637e-02
4.856000000000000000e+03,3.594134530833280328e-02
4.857000000000000000e+03,1.073077756472320086e-02
4.858000000000000000e+03,4.208441787167149783e-02
4.859000000000000000e+03,4.147557399070660178e-02
4.860000000000000000e+03,7.981494019400800846e-03
4.861000000000000000e+03,1.906640772441029960e-02
4.862000000000000000e+03,2.594048497263979833e-02
4.863000000000000000e+03,-2.528467541730499823e-03
4.864000000000000000e+03,-5.361645351804170123e-02
4.865000000000000000e+03,-4.301293520020810224e-02
4.866000000000000000e+03,-8.100540645678909468e-02
4.867000000000000000e+03,-1.254491672742399921e-01
4.868000000000000000e+03,-9.331626666182550600e-02
4.869000000000000000e+03,-2.842549886753489852e-02
4.870000000000000000e+03,-7.576114283400500228e-03
4.871000000000000000e+03,1.717131472528250075e-02
4.872000000000000000e+03,7.074405402744729510e-02
4.873000000000000000e+03,9.347301274646670211e-02
4.874000000000000000e+03,6.570651396291869728e-02
4.875000000000000000e+03,2.470496556768499857e-02
4.876000000000000000e+03,-7.718048876965100287e-03
4.877000000000000000e+03,8.248690891098600653e-02
4.878000000000000000e+03,1.030348167673779958e-01
4.879000000000000000e+03,1.346678270690039869e-01
4.880000000000000000e+03,8.798812357662440242e-02
4.881000000000000000e+03,-2.338603732434060140e-02
4.882000000000000000e+03,-6.125690946996600189e-02
4.883000000000000000e+03,-8.059052736293899344e-02
4.884000000000000000e+03,-3.249651668498600154e-02
4.885000000000000000e+03,2.678686695236999916e-03
4.886000000000000000e+03,3.928390108740229675e-02
4.887000000000000000e+03,-2.519056840071719899e-02
4.888000000000000000e+03,-3.000927725083259862e-02
4.889000000000000000e+03,5.256269410573700257e-02
4.890000000000000000e+03,6.031795250157030025e-02
4.891000000000000000e+03,1.734191196531549919e-02
4.892000000000000000e+03,8.089903017628399806e-02
4.893000000000000000e+03,5.667291333762709826e-02
4.894000000000000000e+03,-5.498193392158289700e-02
4.895000000000000000e+03,-8.984958422338480688e-02
4.896000000000000000e+03,-1.458054997296390036e-02
4.897000000000000000e+03,2.634554580239590119e-02
4.898000000000000000e+03,4.838093789031380071e-02
4.899000000000000000e+03,1.378460835179180083e-02
4.900000000000000000e+03,-3.757430126382300256e-02
4.901000000000000000e+03,-5.904298691543400333e-03
4.902000000000000000e+03,2.231635395149079992e-02
4.903000000000000000e+03,6.674492509760809877e-02
4.904000000000000000e+03,6.393921730566580475e-02
4.905000000000000000e+03,-1.241350617182779975e-01
4.906000000000000000e+03,-1.653358075663290128e-01
4.907000000000000000e+03,-1.667715648678499973e-01
4.908000000000000000e+03,-8.850634019338070313e-02
4.909000000000000000e+03,1.254983694241610000e-02
4.910000000000000000e+03,6.881644882533499707e-02
4.911000000000000000e+03,1.159070665202869971e-01
4.912000000000000000e+03,1.010275355032800026e-01
4.913000000000000000e+03,-5.164819896337299876e-02
4.914000000000000000e+03,-1.301730485621389877e-01
4.915000000000000000e+03,-1.965370847195740123e-01
4.916000000000000000e+03,-1.050620813064570003e-01
4.917000000000000000e+03,7.459735995506499608e-03
4.918000000000000000e+03,4.106095804623310225e-02
4.919000000000000000e+03,7.032668003980480087e-02
4.920000000000000000e+03,-7.261293316573540213e-02
4.921000000000000000e+03,-1.756194458127240121e-01
4.922000000000000000e+03,-1.004875940752159996e-01
4.923000000000000000e+03,-1.144211420142209924e-02
4.924000000000000000e+03,5.884785527136510153e-02
4.925000000000000000e+03,1.123670544784270003e-01
4.926000000000000000e+03,1.806157722702210131e-02
4.927000000000000000e+03,2.582530645455740140e-02
4.928000000000000000e+03,4.557390818886029871e-02
4.929000000000000000e+03,2.579662702934990004e-02
4.930000000000000000e+03,-1.951163708680920053e-02
4.931000000000000000e+03,-3.942633669944999725e-03
4.932000000000000000e+03,5.433267401902980298e-02
4.933000000000000000e+03,9.254889851875719442e-02
4.934000000000000000e+03,8.872420668670440158e-02
4.935000000000000000e+03,1.154871621639189938e-01
4.936000000000000000e+03,7.690980265293879958e-02
4.937000000000000000e+03,3.937864366756399677e-03
4.938000000000000000e+03,-4.026312523814570138e-02
4.939000000000000000e+03,-6.418977121302839317e-02
4.940000000000000000e+03,-3.720587465470109878e-02
4.941000000000000000e+03,-2.032649589495949885e-02
4.942000000000000000e+03,-8.155428420517610300e-02
4.943000000000000000e+03,-1.696623246037760047e-01
4.944000000000000000e+03,-2.234208982394139953e-01
4.945000000000000000e+03,-1.777298294930760025e-01
4.946000000000000000e+03,-1.976334566750570162e-02
4.947000000000000000e+03,9.641585431692389907e-02
4.948000000000000000e+03,1.053295940613979964e-01
4.949000000000000000e+03,1.086705533452399924e-02
4.950000000000000000e+03,-7.140483738902529687e-02
4.951000000000000000e+03,-3.968268515944690239e-02
4.952000000000000000e+03,-1.369704852027420032e-02
4.953000000000000000e+03,2.842107339117589879e-02
4.954000000000000000e+03,-6.149162137773350051e-02
4.955000000000000000e+03,-4.230606794023050038e-02
4.956000000000000000e+03,4.774606113999649987e-02
4.957000000000000000e+03,1.341766402348739951e-01
4.958000000000000000e+03,6.161471193610219832e-02
4.959000000000000000e+03,1.621178127370739852e-02
4.960000000000000000e+03,-6.019543026061199668e-03
4.961000000000000000e+03,-1.531043825406139952e-02
4.962000000000000000e+03,7.960088638264220529e-02
4.963000000000000000e+03,5.063718971438419675e-02
4.964000000000000000e+03,1.826664021714809877e-02
4.965000000000000000e+03,1.989798908140839873e-02
4.966000000000000000e+03,1.221168223640910037e-02
4.967000000000000000e+03,-5.033422828464020199e-02
4.968000000000000000e+03,-1.085394496326110014e-01
4.969000000000000000e+03,-9.386848523143080658e-02
4.970000000000000000e+03,-6.387668875952740022e-02
4.971000000000000000e+03,-1.371970929378590019e-02
4.972000000000000000e+03,4.226939951581210053e-02
4.973000000000000000e+03,2.900770716464870155e-02
4.974000000000000000e+03,-9.703266808356779405e-02
4.975000000000000000e+03,-3.016873601509029723e-01
4.976000000000000000e+03,-3.392639101084429787e-01
4.977000000000000000e+03,-1.588332340831050127e-01
4.978000000000000000e+03,1.026723299075199963e-01
4.979000000000000000e+03,1.751031334894619929e-01
4.980000000000000000e+03,2.529450322375370042e-01
4.981000000000000000e+03,2.543987118830779992e-01
4.982000000000000000e+03,2.561116317088519834e-01
4.983000000000000000e+03,2.377627228153069983e-01
4.984000000000000000e+03,1.805763504117119944e-01
4.985000000000000000e+03,2.042406805793290162e-02
4.986000000000000000e+03,-1.867233161735810110e-01
4.987000000000000000e+03,-2.663231787817399998e-01
4.988000000000000000e+03,-1.899409016966009944e-01
4.989000000000000000e+03,1.630465344756030013e-02
4.990000000000000000e+03,2.501981760382229747e-01
4.991000000000000000e+03,2.703427813801139723e-01
4.992000000000000000e+03,1.618808499571500062e-03
4.993000000000000000e+03,-2.424830547547169868e-01
4.994000000000000000e+03,-2.761926572771110089e-01
4.995000000000000000e+03,-2.384812023089120103e-01
4.996000000000000000e+03,-8.989709871037450395e-02
4.997000000000000000e+03,-4.651928464911069677e-02
4.998000000000000000e+03,5.787439830063569740e-02
4.999000000000000000e+03,1.324285238497089900e-01
5.000000000000000000e+03,4.465477606194979965e-02
5.001000000000000000e+03,1.438632281171029967e-02
5.002000000000000000e+03,-6.097555078273599743e-02
5.003000000000000000e+03,-1.871104116250930094e-01
5.004000000000000000e+03,-2.681322605805239734e-01
5.005000000000000000e+03,-2.835314937519700096e-01
5.006000000000000000e+03,-5.964823056766790227e-02
5.007000000000000000e+03,6.250624703716230190e-02
5.008000000000000000e+03,2.405823782631109908e-01
5.009000000000000000e+03,1.599250874887249985e-01
5.010000000000000000e+03,7.611977580626079487e-02
5.011000000000000000e+03,1.479012072316110080e-02
5.012000000000000000e+03,-5.839692749813869821e-02
5.013000000000000000e+03,1.998630376953569945e-02
5.014000000000000000e+03,1.898709628402000084e-04
5.015000000000000000e+03,-8.903807695012179446e-02
5.016000000000000000e+03,-3.357720511717379730e-02
5.017000000000000000e+03,-8.334129254488679972e-02
5.018000000000000000e+03,-1.977255571476849855e-02
5.019000000000000000e+03,7.811059628732099774e-03
5.020000000000000000e+03,5.388869282024739971e-02
5.021000000000000000e+03,2.898584841236909876e-02
5.022000000000000000e+03,7.593364168978609940e-02
5.023000000000000000e+03,1.713381859212279867e-01
5.024000000000000000e+03,1.871642626509339991e-01
5.025000000000000000e+03,1.062101902270820020e-01
5.026000000000000000e+03,-3.018012260699219976e-02
5.027000000000000000e+03,-7.132485021143129822e-02
5.028000000000000000e+03,-1.188208972059579954e-01
5.029000000000000000e+03,-1.449150453976359998e-01
5.030000000000000000e+03,-7.791389450187490018e-02
5.031000000000000000e+03,-2.148009379616100042e-02
5.032000000000000000e+03,-5.229140731932539754e-02
5.033000000000000000e+03,-7.707594042251800052e-03
5.034000000000000000e+03,1.408257245068979951e-02
5.035000000000000000e+03,-1.272956277480499949e-03
5.036000000000000000e+03,-2.585933482287969959e-02
5.037000000000000000e+03,-1.441640052218710055e-01
5.038000000000000000e+03,-1.222283655643719991e-01
5.039000000000000000e+03,3.297586681365070188e-02
5.040000000000000000e+03,1.574139002750599980e-01
5.041000000000000000e+03,1.508378827002659905e-01
5.042000000000000000e+03,1.206966944193069990e-01
5.043000000000000000e+03,6.285503653731550067e-02
5.044000000000000000e+03,-3.835923925341219731e-02
5.045000000000000000e+03,-1.362648035368000110e-01
5.046000000000000000e+03,-1.148847873591020002e-01
5.047000000000000000e+03,3.025233106040179851e-02
5.048000000000000000e+03,1.517010708229040057e-02
5.049000000000000000e+03,-1.929645893347479990e-02
5.050000000000000000e+03,-5.993642567485200218e-02
5.051000000000000000e+03,-2.421816683121799998e-02
5.052000000000000000e+03,-9.038310673574470600e-02
5.053000000000000000e+03,-1.119499023993160008e-01
5.054000000000000000e+03,2.163857283838699873e-03
5.055000000000000000e+03,1.568054067126070095e-01
5.056000000000000000e+03,4.134059566924500051e-02
5.057000000000000000e+03,-1.432599192261010124e-01
5.058000000000000000e+03,-2.699597867533999884e-01
5.059000000000000000e+03,-2.141324785002169939e-01
5.060000000000000000e+03,-7.131110013571159700e-02
5.061000000000000000e+03,2.513757373844009990e-01
5.062000000000000000e+03,2.050567199313239886e-01
5.063000000000000000e+03,8.796748585012599542e-02
5.064000000000000000e+03,-7.708337662294509340e-02
5.065000000000000000e+03,-1.087645211029519970e-01
5.066000000000000000e+03,-6.576080902427640373e-02
5.067000000000000000e+03,1.010130717485610008e-01
5.068000000000000000e+03,4.473008464633199642e-03
5.069000000000000000e+03,-6.811898226234400396e-03
5.070000000000000000e+03,1.157467444283079988e-01
5.071000000000000000e+03,2.764349067208329847e-02
5.072000000000000000e+03,-3.235066276254539713e-02
5.073000000000000000e+03,2.299829838684189914e-02
5.074000000000000000e+03,5.933268006078550039e-02
5.075000000000000000e+03,3.152301603599599877e-02
5.076000000000000000e+03,9.597779142137730091e-02
5.077000000000000000e+03,7.973010596211330125e-02
5.078000000000000000e+03,-1.294773749531349938e-01
5.079000000000000000e+03,-1.438696814786450118e-01
5.080000000000000000e+03,-8.203929821487540575e-02
5.081000000000000000e+03,-7.274774889295799671e-03
5.082000000000000000e+03,-9.140814419041069783e-02
5.083000000000000000e+03,-2.593128594213590099e-01
5.084000000000000000e+03,-2.996781441553070247e-01
5.085000000000000000e+03,-1.466053453789419869e-01
5.086000000000000000e+03,1.173305174612500057e-01
5.087000000000000000e+03,3.449786048045859754e-01
5.088000000000000000e+03,3.846637757927480195e-01
5.089000000000000000e+03,1.510013781036899927e-01
5.090000000000000000e+03,-5.023085609643300302e-03
5.091000000000000000e+03,-1.548561934709759974e-02
5.092000000000000000e+03,-6.247162778562950075e-02
5.093000000000000000e+03,-2.203138973897129926e-01
5.094000000000000000e+03,-3.132754920227540096e-01
5.095000000000000000e+03,-3.849245549082879747e-01
5.096000000000000000e+03,-1.580549159582499974e-01
5.097000000000000000e+03,7.970057362070920304e-02
5.098000000000000000e+03,1.460262880858040069e-01
5.099000000000000000e+03,1.493671596797229995e-01
5.100000000000000000e+03,7.576177627228800060e-02
5.101000000000000000e+03,1.166084133837280018e-01
5.102000000000000000e+03,3.392033480740150320e-02
5.103000000000000000e+03,-5.562196680886279804e-02
5.104000000000000000e+03,-1.491213467090199982e-03
5.105000000000000000e+03,1.183336571959599931e-01
5.106000000000000000e+03,3.664358947810979900e-02
5.107000000000000000e+03,-1.928426610906160132e-01
5.108000000000000000e+03,-6.391056217851430465e-02
5.109000000000000000e+03,-5.872885612600200166e-03
5.110000000000000000e+03,1.090797426409050030e-01
5.111000000000000000e+03,-8.742195946397329775e-02
5.112000000000000000e+03,-1.273311573679840047e-01
5.113000000000000000e+03,-7.038061225841769908e-02
5.114000000000000000e+03,-1.147973082712770015e-01
5.115000000000000000e+03,-1.872221606064189969e-01
5.116000000000000000e+03,-8.354221947661749637e-02
5.117000000000000000e+03,4.635104841965109745e-02
5.118000000000000000e+03,-2.060740245771679885e-02
5.119000000000000000e+03,-1.090015957295900062e-01
5.120000000000000000e+03,-2.743080644571079807e-01
5.121000000000000000e+03,-2.843211928135839783e-01
5.122000000000000000e+03,-2.415966807468140076e-01
5.123000000000000000e+03,-1.125570358589580017e-01
5.124000000000000000e+03,-3.675834980808610070e-02
5.125000000000000000e+03,3.989786502092800002e-03
5.126000000000000000e+03,8.255131053094989790e-02
5.127000000000000000e+03,6.334818448155220272e-02
5.128000000000000000e+03,1.517291742052770120e-01
5.129000000000000000e+03,9.687451861920090557e-02
5.130000000000000000e+03,-7.248318638202499650e-03
5.131000000000000000e+03,1.926902101644970000e-01
5.132000000000000000e+03,2.252624657447039880e-01
5.133000000000000000e+03,1.038089893941060021e-01
5.134000000000000000e+03,-7.289366542322049669e-02
5.135000000000000000e+03,4.731339954590499733e-03
5.136000000000000000e+03,2.529407763324060046e-02
5.137000000000000000e+03,2.972279193053480040e-02
5.138000000000000000e+03,-8.192491672567420169e-02
5.139000000000000000e+03,-2.173150607998129979e-01
5.140000000000000000e+03,-9.528544119836500001e-03
5.141000000000000000e+03,2.657973522685759815e-01
5.142000000000000000e+03,2.791006751807910136e-01
5.143000000000000000e+03,2.132292143128430018e-01
5.144000000000000000e+03,7.254065258303829533e-02
5.145000000000000000e+03,-2.262864772690370008e-01
5.146000000000000000e+03,-2.417957585716170033e-01
5.147000000000000000e+03,-1.357044993672170130e-01
5.148000000000000000e+03,2.418762630655270016e-02
5.149000000000000000e+03,5.508166814187399896e-03
5.150000000000000000e+03,-1.501085690154380092e-01
5.151000000000000000e+03,-1.139573857590610029e-01
5.152000000000000000e+03,5.262144877619279876e-02
5.153000000000000000e+03,8.749680357633099481e-02
5.154000000000000000e+03,7.786617932235760653e-02
5.155000000000000000e+03,1.732406284471240121e-01
5.156000000000000000e+03,5.683784921791919936e-02
5.157000000000000000e+03,-1.573493088601250062e-02
5.158000000000000000e+03,6.948504879674269330e-02
5.159000000000000000e+03,9.167701167667630102e-02
5.160000000000000000e+03,6.999321184752399505e-02
5.161000000000000000e+03,-8.034573103900420621e-02
5.162000000000000000e+03,-7.562808924764589935e-02
5.163000000000000000e+03,-1.484547489782830076e-01
5.164000000000000000e+03,-8.134629806914769889e-02
5.165000000000000000e+03,-8.845301298103559751e-02
5.166000000000000000e+03,-2.611967255288940096e-02
5.167000000000000000e+03,6.470536504688960411e-02
5.168000000000000000e+03,2.362362468239830038e-01
5.169000000000000000e+03,4.492011898373989842e-01
5.170000000000000000e+03,2.535608593648919773e-01
5.171000000000000000e+03,1.649181121743520037e-02
5.172000000000000000e+03,-1.309590029083760043e-01
5.173000000000000000e+03,-1.938993082669089874e-01
5.174000000000000000e+03,-1.582033295709920073e-01
5.175000000000000000e+03,-1.505699738622459927e-01
5.176000000000000000e+03,5.617928683161529935e-02
5.177000000000000000e+03,2.151989095165179888e-01
5.178000000000000000e+03,3.657846322946670115e-01
5.179000000000000000e+03,2.705806851292590076e-02
5.180000000000000000e+03,-3.039881980195209832e-01
5.181000000000000000e+03,-3.250876024786730212e-01
5.182000000000000000e+03,7.434249425206659878e-02
5.183000000000000000e+03,1.353866331011099877e-01
5.184000000000000000e+03,-2.605412765694890137e-02
5.185000000000000000e+03,1.683620018758349990e-01
5.186000000000000000e+03,1.890602857220410049e-01
5.187000000000000000e+03,2.520737189653359800e-01
5.188000000000000000e+03,1.418843351512180107e-01
5.189000000000000000e+03,1.554856519484059951e-01
5.190000000000000000e+03,1.036894175839969956e-01
5.191000000000000000e+03,7.051822001907050164e-02
5.192000000000000000e+03,-1.707769582472800085e-01
5.193000000000000000e+03,-2.890802772812099963e-01
5.194000000000000000e+03,-3.048874425681319944e-01
5.195000000000000000e+03,-2.071808923971170113e-01
5.196000000000000000e+03,-1.965768598789890131e-01
5.197000000000000000e+03,-9.443459670113629745e-02
5.198000000000000000e+03,-1.415071249255629993e-01
5.199000000000000000e+03,-1.085148700185279980e-01
5.200000000000000000e+03,1.868000303435559950e-01
5.201000000000000000e+03,2.433821032421160102e-01
5.202000000000000000e+03,9.102812510025450055e-02
5.203000000000000000e+03,1.342196959501670006e-01
5.204000000000000000e+03,-2.204797048832289885e-01
5.205000000000000000e+03,-3.123539304002819761e-01
5.206000000000000000e+03,-1.608213288513770101e-01
5.207000000000000000e+03,-4.687482461484099999e-02
5.208000000000000000e+03,4.371524090615759861e-01
5.209000000000000000e+03,2.463672150884599898e-01
5.210000000000000000e+03,4.637556032965899772e-02
5.211000000000000000e+03,1.243227086242969931e-01
5.212000000000000000e+03,1.241686586163529976e-01
5.213000000000000000e+03,-1.925561531018939870e-02
5.214000000000000000e+03,-2.279794722102770066e-01
5.215000000000000000e+03,-1.939901105544959981e-01
5.216000000000000000e+03,5.059020151418029687e-02
5.217000000000000000e+03,1.188726935473470026e-01
5.218000000000000000e+03,1.278711161337020008e-01
5.219000000000000000e+03,4.220178472886740306e-02
5.220000000000000000e+03,-9.894619928857910363e-02
5.221000000000000000e+03,-1.379569355072730041e-01
5.222000000000000000e+03,-3.764191543186999785e-04
5.223000000000000000e+03,1.119807373384300031e-01
5.224000000000000000e+03,2.842658887958269820e-01
5.225000000000000000e+03,2.161743813030430061e-01
5.226000000000000000e+03,7.294135688486169666e-02
5.227000000000000000e+03,-4.322569327181739751e-02
5.228000000000000000e+03,1.456124703796969969e-02
5.229000000000000000e+03,3.239461730121950128e-02
5.230000000000000000e+03,-2.751934261467500146e-03
5.231000000000000000e+03,7.312217497832279589e-02
5.232000000000000000e+03,1.578478774598360002e-01
5.233000000000000000e+03,1.377488013188920002e-01
5.234000000000000000e+03,1.122967990014580031e-01
5.235000000000000000e+03,-4.677542471996039980e-02
5.236000000000000000e+03,-2.227365896449199842e-02
5.237000000000000000e+03,6.745742486197189858e-02
5.238000000000000000e+03,1.917131765026509893e-01
5.239000000000000000e+03,-4.111727793012279891e-02
5.240000000000000000e+03,5.227719880982100234e-03
5.241000000000000000e+03,2.552339670144019856e-01
5.242000000000000000e+03,2.424627913765420029e-01
5.243000000000000000e+03,-2.943008875539079860e-02
5.244000000000000000e+03,-1.420713670519579974e-01
5.245000000000000000e+03,-1.764326587386430001e-01
5.246000000000000000e+03,-1.096108874895980051e-01
5.247000000000000000e+03,2.313475252410649996e-01
5.248000000000000000e+03,1.307804300432179878e-01
5.249000000000000000e+03,-7.972506920928010277e-02
